<?xml version="1.0" encoding="UTF-8"?>
<document>
<type>mainstream</type>
<forum>http://www.briefreport.co.uk/feed.rss</forum>
<forum_title>BriefReport.co.uk</forum_title>
<discussion_title>Pregnant Becky Vardy shows off her baby bump in a bikini as she shares throwback snap from Bahamas &apos;babymoon&apos; with husband Jamie</discussion_title>
<language>english</language>
<gmt_offset></gmt_offset>
<topic_url>http://www.briefreport.co.uk/news/pregnant-becky-vardy-shows-off-her-baby-bump-in-a-bikini-as-she-shares-throwback-snap-from-bahamas-babymoon-with-husband-jamie-4351591.html</topic_url>
<topic_text>
Related news Pregnant Melanie Hamrick, 29, displays her baby bump for the first time after revealing she is expecting... 
The girlfriend of Rolling Stone Sir Mick Jagger has displayed her growing baby bump for the first time since revealing she is pregnant with the veteran rocker’s eighth child. Stepping out last week, professional ballerina Melanie Hamrick showed off a... Daily Mail , 9 August 2016 in Showbiz Heavily pregnant Billi Mucklow shows off her baby bump in pink bikini as she tucks into homemade pizza with... 
It&apos;s just a matter of days before Billi Mucklow and Andy Caroll welcome their first child. And over the weekend the pair were making the most of some couple time as they cooked pizza in their garden. Former TOWIE star Billi embraced the scorching... Daily Mail , 9 June 2015 in Showbiz &apos;Baby bump is on fleek&apos;: Pregnant Blac Chyna shows off tattooed tummy as she hits the pavement for workout 
By the looks of it, it seems it won&apos;t be that much longer until Blac Chyna is a mother of two. The 28-year-old showed off her blossoming bare bump during a brisk walk through a suburban neighborhood on Monday. &apos;Baby bump is on fleek,&apos; the star... Daily Mail , 2 August 2016 in Showbiz Blooming lovely time all round: Heavily pregnant Halle Berry shows off her baby bump as she treats her... 
She&apos;ll soon be welcoming her second child and it seems that Halle Berry is making the most of some quality time with her daughter Nahla while she can. The 46-year-old actress took her five-year-old out to lunch at a children&apos;s restaurant at Westfield... Daily Mail , 6 August 2013 in Showbiz &apos;It&apos;s changed my life in so many ways&apos;: Pregnant Katie Piper shows off her baby bump as she reveals she&apos;s... 
Katie Piper has said her life has changed in a &apos;wonderful&apos; way since she discovered she was pregnant - and revealed she is expecting a baby girl. The 30-year-old campaigner, who was badly burnt in an acid attack organised by an ex-boyfriend, now runs... Daily Mail , 2 December 2013 in Showbiz &apos;Embracing the changes to my body&apos;: Heavily-pregnant Billi Mucklow shows off her baby bump in tasteful nude... 
She is exactly 4 weeks away from her due date. And Billi Mucklow joined the long list of pregnant celebrities opting to capture the moment in artistic nude shots. The 26-year-old – who is engaged to footballer fiancé Andy Carroll - puts her pregnancy... Daily Mail , 20 May 2015 in Showbiz
</topic_text>
<spam_score>0.00</spam_score>
<post_num>1</post_num>
<post_id>post-1</post_id>
<post_url>http://www.briefreport.co.uk/news/pregnant-becky-vardy-shows-off-her-baby-bump-in-a-bikini-as-she-shares-throwback-snap-from-bahamas-babymoon-with-husband-jamie-4351591.html</post_url>
<post_date>20160819</post_date>
<post_time>2052</post_time>
<username></username>
<post>
Related news Pregnant Melanie Hamrick, 29, displays her baby bump for the first time after revealing she is expecting... 
The girlfriend of Rolling Stone Sir Mick Jagger has displayed her growing baby bump for the first time since revealing she is pregnant with the veteran rocker’s eighth child. Stepping out last week, professional ballerina Melanie Hamrick showed off a... Daily Mail , 9 August 2016 in Showbiz Heavily pregnant Billi Mucklow shows off her baby bump in pink bikini as she tucks into homemade pizza with... 
It&apos;s just a matter of days before Billi Mucklow and Andy Caroll welcome their first child. And over the weekend the pair were making the most of some couple time as they cooked pizza in their garden. Former TOWIE star Billi embraced the scorching... Daily Mail , 9 June 2015 in Showbiz &apos;Baby bump is on fleek&apos;: Pregnant Blac Chyna shows off tattooed tummy as she hits the pavement for workout 
By the looks of it, it seems it won&apos;t be that much longer until Blac Chyna is a mother of two. The 28-year-old showed off her blossoming bare bump during a brisk walk through a suburban neighborhood on Monday. &apos;Baby bump is on fleek,&apos; the star... Daily Mail , 2 August 2016 in Showbiz Blooming lovely time all round: Heavily pregnant Halle Berry shows off her baby bump as she treats her... 
She&apos;ll soon be welcoming her second child and it seems that Halle Berry is making the most of some quality time with her daughter Nahla while she can. The 46-year-old actress took her five-year-old out to lunch at a children&apos;s restaurant at Westfield... Daily Mail , 6 August 2013 in Showbiz &apos;It&apos;s changed my life in so many ways&apos;: Pregnant Katie Piper shows off her baby bump as she reveals she&apos;s... 
Katie Piper has said her life has changed in a &apos;wonderful&apos; way since she discovered she was pregnant - and revealed she is expecting a baby girl. The 30-year-old campaigner, who was badly burnt in an acid attack organised by an ex-boyfriend, now runs... Daily Mail , 2 December 2013 in Showbiz &apos;Embracing the changes to my body&apos;: Heavily-pregnant Billi Mucklow shows off her baby bump in tasteful nude... 
She is exactly 4 weeks away from her due date. And Billi Mucklow joined the long list of pregnant celebrities opting to capture the moment in artistic nude shots. The 26-year-old – who is engaged to footballer fiancé Andy Carroll - puts her pregnancy... Daily Mail , 20 May 2015 in Showbiz
</post>
<signature>

</signature>
<external_links>

</external_links>
<country>GB</country>
<main_image></main_image>
</document>
