<?xml version="1.0" encoding="UTF-8"?>
<document>
<type>mainstream</type>
<forum>http://www.vinicavino.sk/sk/feed/</forum>
<forum_title>Odborný časopis pre vinohradníkov a vinárov</forum_title>
<discussion_title>How exactly to Compose a the Way</discussion_title>
<language>english</language>
<gmt_offset></gmt_offset>
<topic_url>http://www.vinicavino.sk/sk/adjustaz/how-exactly-to-compose-a-the-way/</topic_url>
<topic_text>
How exactly to Compose a the Way 
The guide Honest Graft allows us a look to the intellect of blunt, early twentieth century politician George Washington Plunkitt and his sights around the important dilemmas of that time period through his messages. Though few politicians would dare to air their private observations Plunkitt was blissfully unconcerned with the legally ambiguous nature of his distinctive ideas, of delivered for the masses as sermons. It’d not be unreasonable to assert that there is no problem that Plunkitt believed more clearly about as opposed to work of committing graft. Inside the guide, Plunkitt discerns between two types of graft: honest graft. Both types are created with instances. Plunkitt boasts to get never determined unethical graft in his life but is not fairly humble of his accomplishments through honest graft on which he says, “I witnessed my options and I got’em”. The acts which he associates with sincere graft contain: the utilization of details about government developing works and purchasing home imperative to it to market at a larger price, the sharing of stated data with pals and also the raising of government salaries.Whereas dishonest graft required blackmailing crooks along with the embezzlement of money in the area treasury. Do not forget that you are not by yourself in this grievous vacation. 
In my personal opinion, the act of graft cannot be justified under legal definitions or modern ethical as acts that Plunkitt views sincere will be deemed immoral and extremely illegal in society. Plunkitt’s placement on booze use is unequivocal and uncomplicated, while he does not believe that alcohol should be banned he is of the corporation idea that politicians can’t elizabeth successful whenever they drink. According to Plunkit, ” how well you figure out how to play with the sport that is political, you wont make a lastin’ achievement of it if you should be a drinkin’ man.” (RIORDON, Page 19). Giving the instance of just one of his lieutenants who was an extremely capable individual that could involve supervision during election period on account of his sprees he substantiates his report. He more provides heads and productive Tammany leaders of department’s samples that tended to mostly refrain from alcohol use. Another issue which generally seems to stimulate Plunkitt’s interests could be the function of celebration employers within the key elections. Plunkitt experienced that robust political authority was needed to conduct tumultuous events including election primaries, without which government would descend into anarchy with numerous systems and office-bearers being at loggerheads with each other. Sadly, this part of threat is always contained in most money budgeting choices. 
He sensed this circumstance will be excessively unfavorable to the passions of the city and introduced the illustration of prior administrations without party businesses where: “the heads of departments were at odds constantly with one another, along with the Mayor was at possibilities using the lot of them. They used so enough time in arguin’ and makin’ grandstand play, the pursuits of town were forgotten.” (RIORDON, Chapter 20). He used control and analyzes this with Tammanny administrations where party businesses were not past: “Then see how stunning a Tammany area government runs, with an alleged employer directin’ the entire shootin’ match! The equipment goes so quiet that you wouldn’t believe there was any. Them settles gently and everytime is gone by his instructions. if there is any variations of viewpoint ” (RIORDON, Chapter 20). Thus, Plunkitt experienced that the existence of party bosses was required, in order, to guarantee the governmental machinery’s sleek function. The patriotism of Tammanny and its commanders left a deep and indelible mark on Plunkittis psyche, creating him to proclaim “TAMMANYis essentially the most devoted company on earth,” (RIORDON, Section 17). He qualifies his affirmation by quoting samples of the unwavering homework with that they take notice of the 4th of September, Tammany’s love of write my speech flags and its willingness to offer soldiers for war attempts, contrasting Tamannyis conduct compared to that of rival businesses such as the Homeowner’s Nation as well as the reformers whom he claims “elope to Newport or perhaps the Adirondacks to get from the method of the sound and exactly what reminds them of the fantastic morning.” (RIORDON, Chapter 17). The exact same might connect with job agreements between employee and the workplace. 
Although one is not provided explicit motive to doubt Tamannyis patriotism of nation, the explanation introduced by Plunkitt appears somewhat trivial and has the potential to be regarded as tongueincheek by several. Excluding their supposed dedication to conflict efforts, acts’ majority presented as evidence rehearsed and of patriotism seem unnatural, in place of exhibiting any actual loyalty towards country. Plunkitt’s feelings concerning the reform activities of the core to their attempted access and late 1800 is into the governmental culture were derisive and regarded their inability to be always a direct consequence of the character of people in these motions that were reformers politicians. Plunkitt deemed politicians to be individuals that were involved with politics their overall lifestyles and focused their waking hours’ vast majority to understanding the subtleties of the occupation “You have to provide nearly all your time and focus on it. Obviously, you may have some company or occupation privately, but the good company of the living should be politics if you like to succeed in it.” (RIORDON, Page 4). The inability of many reformers to digest the political tradition around them-and to modify and advance was determined by Plunkitt while the principal reason why reformers were not able to really have a long-term impact on politics and several outstanding reformers of their moments faded away into obscurity for this very cause, while persons within these actions with political savvy was able to create long and prosperous careers The author is associated with the finest British custom essay writing assistance. For research documents, uk essays, term papers or almost any work that is instructional, feel liberated to contact our UK custom essay writing service.
</topic_text>
<spam_score>0.00</spam_score>
<post_num>1</post_num>
<post_id>post-1</post_id>
<post_url>http://www.vinicavino.sk/sk/adjustaz/how-exactly-to-compose-a-the-way/</post_url>
<post_date>20160817</post_date>
<post_time>0805</post_time>
<username>spravca</username>
<post>
How exactly to Compose a the Way 
The guide Honest Graft allows us a look to the intellect of blunt, early twentieth century politician George Washington Plunkitt and his sights around the important dilemmas of that time period through his messages. Though few politicians would dare to air their private observations Plunkitt was blissfully unconcerned with the legally ambiguous nature of his distinctive ideas, of delivered for the masses as sermons. It’d not be unreasonable to assert that there is no problem that Plunkitt believed more clearly about as opposed to work of committing graft. Inside the guide, Plunkitt discerns between two types of graft: honest graft. Both types are created with instances. Plunkitt boasts to get never determined unethical graft in his life but is not fairly humble of his accomplishments through honest graft on which he says, “I witnessed my options and I got’em”. The acts which he associates with sincere graft contain: the utilization of details about government developing works and purchasing home imperative to it to market at a larger price, the sharing of stated data with pals and also the raising of government salaries.Whereas dishonest graft required blackmailing crooks along with the embezzlement of money in the area treasury. Do not forget that you are not by yourself in this grievous vacation. 
In my personal opinion, the act of graft cannot be justified under legal definitions or modern ethical as acts that Plunkitt views sincere will be deemed immoral and extremely illegal in society. Plunkitt’s placement on booze use is unequivocal and uncomplicated, while he does not believe that alcohol should be banned he is of the corporation idea that politicians can’t elizabeth successful whenever they drink. According to Plunkit, ” how well you figure out how to play with the sport that is political, you wont make a lastin’ achievement of it if you should be a drinkin’ man.” (RIORDON, Page 19). Giving the instance of just one of his lieutenants who was an extremely capable individual that could involve supervision during election period on account of his sprees he substantiates his report. He more provides heads and productive Tammany leaders of department’s samples that tended to mostly refrain from alcohol use. Another issue which generally seems to stimulate Plunkitt’s interests could be the function of celebration employers within the key elections. Plunkitt experienced that robust political authority was needed to conduct tumultuous events including election primaries, without which government would descend into anarchy with numerous systems and office-bearers being at loggerheads with each other. Sadly, this part of threat is always contained in most money budgeting choices. 
He sensed this circumstance will be excessively unfavorable to the passions of the city and introduced the illustration of prior administrations without party businesses where: “the heads of departments were at odds constantly with one another, along with the Mayor was at possibilities using the lot of them. They used so enough time in arguin’ and makin’ grandstand play, the pursuits of town were forgotten.” (RIORDON, Chapter 20). He used control and analyzes this with Tammanny administrations where party businesses were not past: “Then see how stunning a Tammany area government runs, with an alleged employer directin’ the entire shootin’ match! The equipment goes so quiet that you wouldn’t believe there was any. Them settles gently and everytime is gone by his instructions. if there is any variations of viewpoint ” (RIORDON, Chapter 20). Thus, Plunkitt experienced that the existence of party bosses was required, in order, to guarantee the governmental machinery’s sleek function. The patriotism of Tammanny and its commanders left a deep and indelible mark on Plunkittis psyche, creating him to proclaim “TAMMANYis essentially the most devoted company on earth,” (RIORDON, Section 17). He qualifies his affirmation by quoting samples of the unwavering homework with that they take notice of the 4th of September, Tammany’s love of write my speech flags and its willingness to offer soldiers for war attempts, contrasting Tamannyis conduct compared to that of rival businesses such as the Homeowner’s Nation as well as the reformers whom he claims “elope to Newport or perhaps the Adirondacks to get from the method of the sound and exactly what reminds them of the fantastic morning.” (RIORDON, Chapter 17). The exact same might connect with job agreements between employee and the workplace. 
Although one is not provided explicit motive to doubt Tamannyis patriotism of nation, the explanation introduced by Plunkitt appears somewhat trivial and has the potential to be regarded as tongueincheek by several. Excluding their supposed dedication to conflict efforts, acts’ majority presented as evidence rehearsed and of patriotism seem unnatural, in place of exhibiting any actual loyalty towards country. Plunkitt’s feelings concerning the reform activities of the core to their attempted access and late 1800 is into the governmental culture were derisive and regarded their inability to be always a direct consequence of the character of people in these motions that were reformers politicians. Plunkitt deemed politicians to be individuals that were involved with politics their overall lifestyles and focused their waking hours’ vast majority to understanding the subtleties of the occupation “You have to provide nearly all your time and focus on it. Obviously, you may have some company or occupation privately, but the good company of the living should be politics if you like to succeed in it.” (RIORDON, Page 4). The inability of many reformers to digest the political tradition around them-and to modify and advance was determined by Plunkitt while the principal reason why reformers were not able to really have a long-term impact on politics and several outstanding reformers of their moments faded away into obscurity for this very cause, while persons within these actions with political savvy was able to create long and prosperous careers The author is associated with the finest British custom essay writing assistance. For research documents, uk essays, term papers or almost any work that is instructional, feel liberated to contact our UK custom essay writing service.
</post>
<signature>

</signature>
<external_links>

</external_links>
<country>SK</country>
<main_image></main_image>
</document>
