<?xml version="1.0" encoding="UTF-8"?>
<document>
<type>mainstream</type>
<forum>http://www.wmdt.com/28299464?format=rss_2.0&amp;view=feed</forum>
<forum_title>National News Top Stories</forum_title>
<discussion_title>Road to 270: CNN&apos;s new election map</discussion_title>
<language>english</language>
<gmt_offset></gmt_offset>
<topic_url>http://www.wmdt.com/news/politics-elections/road-to-270-cnns-new-election-map/41282794</topic_url>
<topic_text>
Biden takes working class message on... 
The former secretary of state has been able to ride a post-convention bounce and mostly uncontested television airwaves to her strongest position yet in CNN&apos;s Electoral College outlook this year. This election is far from over, but the map now -- which is a snapshot of this moment and not a prediction -- more solidly favors Clinton. 
What&apos;s changed? 
- New Hampshire (4 electoral votes) moves from &quot;battleground&quot; to &quot;lean Democrat&quot; 
- Pennsylvania (20 electoral votes) moves from &quot;battleground&quot; to &quot;lean Democrat&quot; 
- Virginia (13 electoral votes) moves from &quot;battleground&quot; to &quot;lean Democrat&quot; 
That adds 37 more electoral votes to Clinton&apos;s total and puts her at 273 electoral votes -- just ahead of the needed 270 electoral votes to win the White House. Explore the map and make your choices 
Road to 270: Electoral College map 
The state of play 
If Donald Trump was to win all the remaining battleground states on the map, he&apos;d still be shy of the 270 votes needed to win the White House which means he is going to have to pick off at least one of the states currently leaning in Hillary Clinton&apos;s direction in addition to running the table in those battlegrounds. 
This update to the map is far from a prediction that the election is over and Clinton has won. The next 80 days are going to be fiercely contested between the candidates and our current state of play shows Clinton holding a significant electoral advantage heading in to that intense fall campaign. 
The good news for Trump is that the election isn&apos;t being held today and a new national poll out from Pew Research shows some of Clinton&apos;s post-convention glory may be fading a bit. 
In an effort to steady his campaign after several rough weeks of controversies that knocked him off course, Trump put some new leadership at the top of his team this week and is about to begin his first real concerted television advertising campaign in the battleground states. He also started to shift his tone a bit, expressing general regret for some of the things he has said during this heated campaign. 
The initial $4 ad million buy will be hitting television screens in Florida, Ohio, North Carolina, Pennsylvania, and Virginia. And Trump&apos;s new campaign manager, Kellyanne Conway, has mentioned the goal of beefing up some of the state based operations in the key states. 
The current CNN battleground map gives Hillary Clinton 273 electoral votes from states that are either solidly or leaning in her direction compared to 191 electoral votes for Donald Trump in states that are solidly or leaning in his direction. That leaves 74 electoral votes up for grabs across 5 battleground states -- Florida, Ohio, North Carolina, Iowa, and Nevada. 
Solid Republican: 
Alabama (9), Alaska (3), Arkansas (6), Idaho (4), Indiana (11), Kansas (6), Kentucky (8), Louisiana (8), Mississippi (6), Missouri (10), Montana (3), Nebraska (5), North Dakota (3), Oklahoma (7), South Carolina (9), South Dakota (3), Tennessee (11), Texas (38), West Virginia (5), Wyoming (3) (158 total) 
Leans Republican: 
Arizona (11), Georgia (16), Utah (6) (33 total) 
Battleground states: 
Florida (29), Iowa (6), Nevada (6), Ohio (18), North Carolina (15) (74 total) 
Leans Democratic: 
Colorado (9), Michigan (16), New Hampshire (4), Pennsylvania (20), Virginia (13), Wisconsin (10), (72 total) 
Solid Democratic: 
California (55), Connecticut (7), Delaware (3), DC (3), Hawaii (4), Illinois (20), Maine (4), Maryland (10), Massachusetts (11), New Jersey (14), New York (29), Oregon (7), Rhode Island (4), Vermont (3), Washington (12), Minnesota (10), New Mexico (5) (201 total) 
Copyright 2016 by CNN NewSource . All rights reserved.  
</topic_text>
<spam_score>0.00</spam_score>
<post_num>1</post_num>
<post_id>post-1</post_id>
<post_url>http://www.wmdt.com/news/politics-elections/road-to-270-cnns-new-election-map/41282794</post_url>
<post_date>20160819</post_date>
<post_time>2101</post_time>
<username></username>
<post>
Biden takes working class message on... 
The former secretary of state has been able to ride a post-convention bounce and mostly uncontested television airwaves to her strongest position yet in CNN&apos;s Electoral College outlook this year. This election is far from over, but the map now -- which is a snapshot of this moment and not a prediction -- more solidly favors Clinton. 
What&apos;s changed? 
- New Hampshire (4 electoral votes) moves from &quot;battleground&quot; to &quot;lean Democrat&quot; 
- Pennsylvania (20 electoral votes) moves from &quot;battleground&quot; to &quot;lean Democrat&quot; 
- Virginia (13 electoral votes) moves from &quot;battleground&quot; to &quot;lean Democrat&quot; 
That adds 37 more electoral votes to Clinton&apos;s total and puts her at 273 electoral votes -- just ahead of the needed 270 electoral votes to win the White House. Explore the map and make your choices 
Road to 270: Electoral College map 
The state of play 
If Donald Trump was to win all the remaining battleground states on the map, he&apos;d still be shy of the 270 votes needed to win the White House which means he is going to have to pick off at least one of the states currently leaning in Hillary Clinton&apos;s direction in addition to running the table in those battlegrounds. 
This update to the map is far from a prediction that the election is over and Clinton has won. The next 80 days are going to be fiercely contested between the candidates and our current state of play shows Clinton holding a significant electoral advantage heading in to that intense fall campaign. 
The good news for Trump is that the election isn&apos;t being held today and a new national poll out from Pew Research shows some of Clinton&apos;s post-convention glory may be fading a bit. 
In an effort to steady his campaign after several rough weeks of controversies that knocked him off course, Trump put some new leadership at the top of his team this week and is about to begin his first real concerted television advertising campaign in the battleground states. He also started to shift his tone a bit, expressing general regret for some of the things he has said during this heated campaign. 
The initial $4 ad million buy will be hitting television screens in Florida, Ohio, North Carolina, Pennsylvania, and Virginia. And Trump&apos;s new campaign manager, Kellyanne Conway, has mentioned the goal of beefing up some of the state based operations in the key states. 
The current CNN battleground map gives Hillary Clinton 273 electoral votes from states that are either solidly or leaning in her direction compared to 191 electoral votes for Donald Trump in states that are solidly or leaning in his direction. That leaves 74 electoral votes up for grabs across 5 battleground states -- Florida, Ohio, North Carolina, Iowa, and Nevada. 
Solid Republican: 
Alabama (9), Alaska (3), Arkansas (6), Idaho (4), Indiana (11), Kansas (6), Kentucky (8), Louisiana (8), Mississippi (6), Missouri (10), Montana (3), Nebraska (5), North Dakota (3), Oklahoma (7), South Carolina (9), South Dakota (3), Tennessee (11), Texas (38), West Virginia (5), Wyoming (3) (158 total) 
Leans Republican: 
Arizona (11), Georgia (16), Utah (6) (33 total) 
Battleground states: 
Florida (29), Iowa (6), Nevada (6), Ohio (18), North Carolina (15) (74 total) 
Leans Democratic: 
Colorado (9), Michigan (16), New Hampshire (4), Pennsylvania (20), Virginia (13), Wisconsin (10), (72 total) 
Solid Democratic: 
California (55), Connecticut (7), Delaware (3), DC (3), Hawaii (4), Illinois (20), Maine (4), Maryland (10), Massachusetts (11), New Jersey (14), New York (29), Oregon (7), Rhode Island (4), Vermont (3), Washington (12), Minnesota (10), New Mexico (5) (201 total) 
Copyright 2016 by CNN NewSource . All rights reserved.  
</post>
<signature>

</signature>
<external_links>

</external_links>
<country>US</country>
<main_image>http://www.wmdt.com/image/view/-/41283148/highRes/2/-/maxh/640/maxw/640/-/kroui7z/-/New-CNN-electoral-map-jpg.jpg</main_image>
</document>
